{"cameraMode":{"drawMode":0,"name":"Shaded","section":"Shading Mode"},"sceneLighting":true,"audioPlay":false,"sceneViewState":{"m_AlwaysRefresh":false,"showFog":true,"showSkybox":true,"showFlares":true,"showImageEffects":true,"showParticleSystems":true,"showVisualEffectGraphs":true,"m_FxEnabled":true},"in2DMode":false,"pivot":{"x":-1.2833166122436524,"y":-5.579671859741211,"z":-3.7128372192382814},"rotation":{"x":0.31551021337509158,"y":-0.00569353811442852,"z":0.0018930615624412895,"w":0.94890296459198},"size":22.61601448059082,"orthographic":false}